Steps,Policy/Entropy,Policy/Learning Rate,Policy/Extrinsic Value Estimate,Policy/Extrinsic Reward,Environment/Cumulative Reward,Environment/Episode Length
0,0.32263872,0.0001999909,3.3914952,7.693497219546274,7.693497312911032,279.8181818181818
0,0.32802093,0.0001999909,3.4700534,8.782369221358195,8.78236924979849,343.17391304347825
0,0.35438308,0.0001999909,3.5046399,19.253130568877648,19.253130747373163,539.6315789473684
0,0.35256267,0.0001999909,3.4115663,20.52054306721714,20.520543147075006,542.5
0,0.3460132,0.0001999909,3.5367734,10.151536267029588,10.151536156883413,368.0
0,0.30654967,0.0001999909,3.2873483,58.57261231269998,58.57261222251056,1287.25
0,0.29167712,0.0001999909,3.5582776,16.38333298219368,16.383333006037674,523.875
0,0.32926354,0.0001999909,3.3969486,13.999389879891407,13.99938979629528,421.0
0,0.33058178,0.0001999909,3.3358052,5.282405233857307,5.282405216913916,214.0909090909091
0,0.33037767,0.0001999909,3.1776712,19.962418117250007,19.962417951946463,552.3333333333334
0,0.3200407,0.0001999909,3.4210281,59.714133803210245,59.71413402244345,1343.3658536585365
0,0.2773149,0.0001999909,3.3034592,8.154407390393317,8.154407386233146,291.9375
0,0.3238649,0.0001999909,3.4686637,15.173619228282146,15.17361931006749,512.4285714285714
0,0.31583223,0.0001999909,3.3504987,16.097770917822015,16.09777091741303,447.8181818181818
0,0.32588565,0.0001999909,3.363195,11.014249071772946,11.01424910016847,386.8421052631579
0,0.3195733,0.0001999909,3.3677945,62.97263496051519,62.972635150048895,1384.5897435897436
0,0.34766755,0.0001999909,3.3029275,10.642843095289374,10.642843074016003,350.1363636363636
0,0.35043427,0.0001999909,3.1848705,13.464578563258762,13.46457868105201,397.95238095238096
0,0.36420277,0.0001999909,3.1734674,12.846517462283373,12.846517330088545,446.125
0,0.3452036,0.0001999909,3.0045624,21.396770468124977,21.396770526610872,540.6923076923077
0,0.30686086,0.0001999909,3.2689872,57.984271109058724,57.98427101569668,1519.4634146341464
0,0.3069339,0.0001999909,3.4745858,9.911607627756894,9.911607673925813,363.63157894736844
0,0.3479364,0.0001999909,3.3631706,8.781758857518435,8.78175890265632,317.96
0,0.3316789,0.0001999909,3.3347445,9.78295051424127,9.782950506504436,348.3157894736842
0,0.34070805,0.0001999909,3.1568656,18.88587076997473,18.885870692303538,488.9047619047619
0,0.30603027,0.0001999909,3.460723,68.90303060154298,68.90303054522242,1617.6285714285714
0,0.31691366,0.0001999909,3.4578533,8.581252926650146,8.581252958209157,329.125
0,0.33540487,0.0001999909,3.4931805,16.014167497273196,16.01416760917577,476.40909090909093
0,0.31638947,0.0001999909,3.4427698,7.927321357010253,7.927321340193446,291.0344827586207
0,0.34304467,0.0001999909,3.4439855,9.798586627654732,9.798586650430025,339.65
0,0.31395802,0.0001999909,3.2861643,64.2103159639053,64.21031596901408,1385.9
0,0.3086572,0.0001999909,3.3928497,9.615047708153725,9.615047731423783,353.85
0,0.3169566,0.0001999909,3.4115455,10.36949301617486,10.36949297598481,352.07142857142856
0,0.3301996,0.0001999909,3.4142551,34.73399832603686,34.733998447877,827.2352941176471
0,0.35223117,0.0001999909,3.3052292,13.907878028119312,13.907878062735108,523.1176470588235
0,0.32872313,0.0001999909,3.2357612,52.53880704533723,52.53880721497034,1173.2666666666667
0,0.327078,0.0001999909,3.510065,13.404525055048557,13.404524911795026,441.53846153846155
0,0.36190075,0.0001999909,3.3446944,16.51526909002236,16.5152691263798,483.2857142857143
0,0.34967908,0.0001999909,3.4429674,19.00987545400858,19.0098754921527,537.9
0,0.3296615,0.0001999909,3.4315464,16.07206467867774,16.072064677870618,483.05882352941177
0,0.29891357,0.0001999909,3.2697384,54.945168681052884,54.945168620386966,1268.1162790697674
0,0.31423548,0.0001999909,3.5129583,9.982461594331722,9.982461561089762,358.03846153846155
0,0.33110082,0.0001999909,3.4871118,8.145877199571418,8.145877190242652,336.5652173913044
0,0.30891785,0.0001999909,3.5693338,12.132237133226896,12.132237086565702,425.2105263157895
0,0.3194975,0.0001999909,3.3692324,17.257312503531576,17.257312537340766,479.4
0,0.28353265,0.0001999909,3.4428005,61.41765969037646,61.417659920107525,1245.878048780488
0,0.32892376,0.0001999909,3.5768983,14.226283522812944,14.22628350987428,474.42105263157896
0,0.30252552,0.0001999909,3.3549938,7.830310765653849,7.830310765258251,306.92857142857144
0,0.34101087,0.0001999909,3.4229324,11.697072652919639,11.697072668871222,362.5806451612903
0,0.35135183,0.0001999909,3.347219,9.969126562672583,9.969126565846388,376.8636363636364
0,0.33325812,0.0001999909,3.367257,69.4088079632659,69.40880796279139,1396.6857142857143
0,0.3491832,0.0001999909,3.319711,9.353888090902373,9.35388804824895,337.1304347826087
0,0.36859533,0.0001999909,3.258448,14.430223263152268,14.430223253361715,414.6521739130435
0,0.35493344,0.0001999909,3.2307346,8.077329527959227,8.077329551652202,295.85
0,0.32447582,0.0001999909,3.221481,14.400171988540226,14.400171979445682,464.77777777777777
0,0.32113665,0.0001999909,3.3998246,64.57031355098617,64.57031350050705,1464.5853658536585
0,0.33494455,0.0001999909,3.4095793,10.583919948264956,10.583919869674974,366.32
0,0.30388096,0.0001999909,3.3754725,14.65841508760117,14.658414996282081,431.28
0,0.32872066,0.0001999909,3.382687,11.027823087448875,11.027823228807582,367.8333333333333
0,0.3333755,0.0001999909,3.2446456,10.743432631398635,10.743432637765126,362.8181818181818
0,0.33356035,0.0001999909,3.43574,63.25230217818171,63.25230229255616,1421.6666666666667
0,0.3178873,0.0001999909,3.5819297,13.932737658997732,13.932737645257346,461.85714285714283
0,0.33449572,0.0001999909,3.4276087,11.720359715322653,11.72035970427827,445.0952380952381
0,0.3109494,0.0001999909,3.531463,11.272904875377813,11.272904760467373,406.73333333333335
0,0.33635947,0.0001999909,3.386819,14.470267902128398,14.470267980596816,487.625
0,0.33342245,0.0001999909,3.3349967,62.09636341953384,62.09636339692903,1305.2857142857142
0,0.31567138,0.0001999909,3.572801,9.55445876883136,9.55445866447395,331.77777777777777
0,0.3270746,0.0001999909,3.3320389,7.464074993971735,7.4640749518785015,281.0625
0,0.34556255,0.0001999909,3.4148417,8.598430569921792,8.598430537343692,329.8888888888889
0,0.3201925,0.0001999909,3.468891,9.72688810825348,9.726888196548225,359.36
0,0.3054258,0.0001999909,3.4180746,71.35180513163735,71.35180501035818,1399.6052631578948
0,0.3370281,0.0001999909,3.3307726,15.513143386381367,15.513143388951216,456.4583333333333
0,0.34727064,0.0001999909,3.3839257,8.792459870129823,8.792459937732634,305.85
0,0.34045097,0.0001999909,3.2225409,9.327215357319169,9.327215372197077,329.4347826086956
0,0.382992,0.0001999909,3.2080443,10.742675575343045,10.74267550490979,364.3636363636364
0,0.31326562,0.0001999909,3.2787933,60.451739651802924,60.451739623928425,1440.6
0,0.32197747,0.0001999909,3.4080365,12.990553077051622,12.990553140939584,449.44444444444446
0,0.3417211,0.0001999909,3.2973034,13.416001914635949,13.416001952351369,406.60869565217394
0,0.35225946,0.0001999909,3.4302397,12.151935005391186,12.151935020910969,408.3636363636364
0,0.3313819,0.0001999909,3.334965,17.200240955466317,17.2002410083381,489.6190476190476
0,0.342658,0.0001999909,3.3306274,50.940497181120705,50.940497115838475,1244.8085106382978
0,0.32829872,0.0001999909,3.4482753,9.652293099297417,9.652293074057996,337.51851851851853
0,0.32098424,0.0001999909,3.4834895,21.233084803277794,21.233084824439132,568.1363636363636
0,0.3396546,0.0001999909,3.2579553,9.255125030875206,9.255125009577677,365.44
0,0.33466524,0.0001999909,3.29219,16.248265701261435,16.24826556903554,440.90909090909093
0,0.31423613,0.0001999909,3.4750793,66.33623368843622,66.33623354369287,1417.2941176470588
0,0.29355255,0.0001999909,3.5031452,13.897288781901201,13.897288774184139,435.1666666666667
0,0.3286046,0.0001999909,3.4037113,8.748915524355002,8.748915509584029,335.9642857142857
0,0.31811792,0.0001999909,3.5622013,12.67829533547163,12.67829530105395,395.72
0,0.2950232,0.0001999909,3.466943,8.515454372701546,8.515454275978056,306.6333333333333
0,0.33061248,0.0001999909,3.3116527,72.66548398093266,72.66548393915606,1400.4411764705883
0,0.32164857,0.0001999909,3.1829247,8.556511581728333,8.556511631101833,314.2631578947368
0,0.34216413,0.0001999909,3.2644646,6.492881857923099,6.492881902723509,329.6190476190476
0,0.3389016,0.0001999909,3.1474228,8.847249822070202,8.847249867522704,339.55555555555554
0,0.3656516,0.0001999909,3.152778,33.17022251744162,33.17022260122824,798.2727272727273
0,0.3172796,0.0001999909,3.3569915,71.53527834116377,71.53527832405516,1764.4444444444443
0,0.39188647,0.0001999909,3.051936,14.605429713726044,14.605429605900662,428.12
0,0.35527408,0.0001999909,3.0399256,9.945509241301227,9.945509209535885,380.22727272727275
0,0.3293238,0.0001999909,3.1140573,11.782858344415823,11.782858364994127,395.9166666666667
0,0.33366027,0.0001999909,2.9352386,15.570687163334627,15.570687126784552,433.61538461538464
0,0.3108884,0.0001999909,3.237447,47.491048187208484,47.49104815022518,1321.974358974359
0,0.34954503,0.0001999909,3.2128718,6.174027173282129,6.1740271710768555,269.2758620689655
0,0.32942885,0.0001999909,3.333221,17.876344081014395,17.876344048816378,521.9375
0,0.33251497,0.0001999909,3.2451909,7.692939869562784,7.692939876623011,284.6
0,0.3196108,0.0001999909,3.1524458,10.002234488725662,10.002234496318383,347.85714285714283
0,0.3297038,0.0001999909,3.3626816,69.52300873957574,69.5230089645463,1731.638888888889
0,0.3006294,0.0001999909,3.2501276,10.581237969387855,10.581237942261607,361.64285714285717
0,0.302375,0.0001999909,3.5228503,11.196154028922319,11.196154030037098,384.55
0,0.34584162,0.0001999909,3.3647401,20.440366785248948,20.440366640435816,555.8888888888889
0,0.34016347,0.0001999909,3.2735977,8.44742613539777,8.447426102343549,317.5
0,0.31438354,0.0001999909,3.423696,68.5291987489909,68.52919880612492,1498.1052631578948
0,0.30527806,0.0001999909,3.4691994,9.478552045808597,9.478552022824177,338.8636363636364
0,0.3203047,0.0001999909,3.512926,18.379123085056477,18.37912312039065,520.3809523809524
0,0.3036345,0.0001999909,3.486098,11.62927893210541,11.629278903680229,383.54545454545456
0,0.33502534,0.0001999909,3.5161316,10.728567146137356,10.728567065490392,386.75
0,0.33539534,0.0001999909,3.4818678,67.72162559266026,67.72162559466304,1422.972972972973
0,0.3392022,0.0001999909,3.4404967,13.778800752777606,13.778800751942835,428.96
0,0.33803442,0.0001999909,3.435918,10.537397351041436,10.537397395301086,377.92
0,0.35130292,0.0001999909,3.2855408,11.293312270532954,11.29331231283648,341.54545454545456
0,0.36377978,0.0001999909,3.3182614,10.641615868111451,10.641615963436319,382.26666666666665
0,0.3017314,0.0001999909,3.3744438,57.002724608406425,57.002724534345276,1313.7619047619048
0,0.32141697,0.0001999909,3.3860204,11.756031111592339,11.756031101267105,363.42857142857144
0,0.35481483,0.0001999909,3.3471942,16.254582315786845,16.254582344717452,502.25925925925924
0,0.37411696,0.0001999909,3.399658,6.8031464653462175,6.803146482868906,295.92
0,0.3311651,0.0001999909,3.2684042,6.720450056450708,6.720450118130559,276.42857142857144
0,0.31619307,0.0001999909,3.4074237,66.05220602131966,66.05220595432138,1416.7777777777778
0,0.3222653,0.0001999909,3.3134701,12.105437242090701,12.105437289723032,409.04
0,0.31715995,0.0001999909,3.3495824,6.399605118185281,6.399605153317352,263.52
0,0.34257355,0.0001999909,3.3214278,8.782907374641475,8.782907430743174,331.94117647058823
0,0.33269128,0.0001999909,3.2326336,14.922263457750281,14.922263417837295,534.6666666666666
0,0.30740163,0.0001999909,3.414202,69.99829629583186,69.99829615527435,1576.8947368421052
0,0.3301275,0.0001999909,3.5892947,13.705636060264494,13.705636079129643,471.3333333333333
0,0.3358926,0.0001999909,3.475828,6.832067282373706,6.832067283759189,279.26666666666665
0,0.3332674,0.0001999909,3.4006922,12.652520131155411,12.652520118560835,467.94117647058823
0,0.32470056,0.0001999909,3.1569972,4.503977576736361,4.503977582127125,208.95833333333334
0,0.30930638,0.0001999909,3.2804203,65.3793801271268,65.37937989088383,1371.2380952380952
0,0.30736893,0.0001999909,3.106945,9.383409704335712,9.383409643107976,295.45454545454544
0,0.3373077,0.0001999909,3.3939364,17.270628197626635,17.27062825172619,526.3636363636364
0,0.33890808,0.0001999909,3.332585,14.671604292636568,14.671604406422789,494.0
0,0.35049537,0.0001999909,3.2042997,13.93781489191147,13.937815019122214,676.9230769230769
0,0.29883283,0.0001999909,3.4083033,66.74224067718173,66.74224085415626,1532.923076923077
0,0.32045537,0.0001999909,3.45766,9.090722235138802,9.090722189532404,316.70588235294116
0,0.31349936,0.0001999909,3.368302,10.966303289746461,10.966303201445124,380.7391304347826
0,0.32632563,0.0001999909,3.3857489,13.008194369929177,13.00819433963001,425.57142857142856
0,0.37978277,0.0001999909,3.263434,9.472445912220898,9.47244591010731,342.6470588235294
0,0.33060497,0.0001999909,3.4368687,68.93912808521418,68.93912825718158,1565.525
0,0.3164134,0.0001999909,3.491726,10.557182154415742,10.557182078369687,377.2608695652174
0,0.3231917,0.0001999909,3.4207618,11.203171082197086,11.203171135058897,348.52941176470586
0,0.3200361,0.0001999909,3.5676634,17.74760444632367,17.747604508982377,504.6521739130435
0,0.29613507,0.0001999909,3.4893718,12.896385609560335,12.896385536897355,415.0416666666667
0,0.32216752,0.0001999909,3.3755753,51.24172346062108,51.24172347643138,1050.7391304347825
0,0.34515998,0.0001999909,3.3221343,5.87722538247833,5.8772253859073595,251.89655172413794
0,0.355468,0.0001999909,3.3875213,16.71807721775511,16.718077182998613,468.39130434782606
0,0.3334373,0.0001999909,3.396105,9.076170345670299,9.076170317680647,321.4736842105263
0,0.3302232,0.0001999909,3.3458412,12.100455262387792,12.100455284959546,402.3809523809524
0,0.32183197,0.0001999909,3.4083798,56.00871442111453,56.00871438020355,1290.4285714285713
0,0.3294383,0.0001999909,3.4647534,15.044222243716595,15.044222263940553,438.85185185185185
0,0.32122692,0.0001999909,3.67014,22.375903178565203,22.37590315005679,637.0
0,0.3020176,0.0001999909,3.4615598,8.947490684180098,8.947490738665968,322.24242424242425
0,0.3396723,0.0001999909,3.4443014,9.03389786378197,9.033897851658327,328.6521739130435
0,0.3303189,0.0001999909,3.3833811,57.612726874513235,57.612726712114636,1162.560975609756
0,0.34416983,0.0001999909,3.3520668,16.36399458962328,16.36399460478024,490.70588235294116
0,0.34576514,0.0001999909,3.4248335,13.083077285039638,13.083077178858796,474.92857142857144
0,0.33664283,0.0001999909,3.2348335,9.354086838928717,9.35408699296022,323.2142857142857
0,0.33383396,0.0001999909,3.257506,16.256336325610224,16.256336333077922,436.1363636363636
0,0.32496047,0.0001999909,3.4478402,87.47943406921279,87.47943396952681,2102.8214285714284
0,0.34589264,0.0001999909,3.4005928,12.187569366147121,12.187569458747223,425.6111111111111
0,0.341033,0.0001999909,3.2100031,5.976263742731965,5.976263752773143,242.30434782608697
0,0.38356376,0.0001999909,3.333622,28.96545367200787,28.965453808114244,763.6923076923077
0,0.36949494,0.0001999909,3.200683,20.41243811565287,20.41243797680331,506.2352941176471
0,0.32429817,0.0001999909,3.3499463,54.468124727307014,54.46812466885216,1360.5116279069769
0,0.328429,0.0001999909,3.4339767,6.760529397563501,6.760529430059375,277.77272727272725
0,0.31432575,0.0001999909,3.4325497,13.542731843405852,13.542731772335745,423.6296296296296
0,0.33874586,0.0001999909,3.4274254,10.420533309271558,10.42053323258125,391.9
0,0.31199518,0.0001999909,3.3590841,14.39721190451604,14.397211906123605,439.5652173913044
0,0.31979728,0.0001999909,3.3582966,65.51285858297099,65.51285848984112,1404.888888888889
0,0.3308614,0.0001999909,3.4893079,9.854547231380517,9.8545473096776,449.625
0,0.32178393,0.0001999909,3.4149685,11.254313937416583,11.254313946518943,348.2121212121212
0,0.35843828,0.0001999909,3.4163907,19.696107213961938,19.696107243806356,531.0
0,0.33400697,0.0001999909,3.3608856,8.796290112127151,8.796290079214746,328.57142857142856
0,0.31956357,0.0001999909,3.378449,66.83843859894468,66.83843877533015,1506.4285714285713
0,0.32958528,0.0001999909,3.2647831,5.3803243323300896,5.380324297381706,246.57692307692307
0,0.3457095,0.0001999909,3.4097064,17.386226442125107,17.386226396073223,515.0555555555555
0,0.3265927,0.0001999909,3.388672,10.5965389581945,10.59653904841964,405.11764705882354
0,0.3440863,0.0001999909,3.3292954,14.408162510022521,14.408162561537816,491.5
0,0.30642787,0.0001999909,3.3704019,69.22386031725297,69.22386020141651,1578.578947368421
0,0.3177235,0.0001999909,3.5495934,10.0946881884328,10.094688225063072,365.1818181818182
0,0.30906555,0.0001999909,3.3510911,7.798630801960826,7.798630915534773,280.625
0,0.31244862,0.0001999909,3.2582293,15.35185091836112,15.351850850205686,438.0
0,0.33651665,0.0001999909,3.3474474,8.9742909562774,8.974290911218873,354.6875
0,0.33016658,0.0001999909,3.3942146,77.56988847872356,77.56988865964598,1680.1818181818182
0,0.31658065,0.0001999909,3.519515,11.769174348562956,11.769174293739297,414.15384615384613
0,0.3234595,0.0001999909,3.4931815,24.203101082642874,24.20310103031073,662.6
0,0.34196353,0.0001999909,3.4162664,25.081054650247097,25.08105445611334,655.8
0,0.3444868,0.0001999909,3.4389572,11.396231440028973,11.396231498134956,367.3809523809524
0,0.29795238,0.0001999909,3.3794188,57.603074000952276,57.60307407780217,1381.6315789473683
0,0.33148172,0.0001999909,3.405404,10.559363363095326,10.559363379657816,406.65
0,0.33959943,0.0001999909,3.3687851,9.599007212895561,9.599007170066454,364.5
0,0.3386238,0.0001999909,3.2887123,9.634187820710634,9.634187891361906,345.7894736842105
0,0.31972787,0.0001999909,3.1509387,19.641319925586384,19.641319863192923,529.7222222222222
0,0.29811278,0.0001999909,3.3540056,71.10640192190733,71.10640177450162,1645.5588235294117
0,0.35203564,0.0001999909,3.3736963,12.431490015336557,12.431489939761521,398.63157894736844
0,0.37046203,0.0001999909,3.3534923,13.954655272119185,13.954655206293864,471.11764705882354
0,0.3564285,0.0001999909,3.275358,5.4093210988101506,5.4093210129517715,234.85714285714286
0,0.34260443,0.0001999909,3.4518123,13.692394710907882,13.692394734614192,445.8181818181818
0,0.28909016,0.0001999909,3.3402832,66.27005337039009,66.27005322548271,1646.225
0,0.3465693,0.0001999909,3.5725489,13.735629943199456,13.73562999119708,445.8333333333333
0,0.34841028,0.0001999909,3.4684324,16.397458771398913,16.39745880184675,485.125
0,0.3459251,0.0001999909,3.5105014,23.529289277632618,23.52928920437282,633.9444444444445
0,0.32858288,0.0001999909,3.4779596,6.17639796435833,6.1763979931364705,480.1
0,0.32577947,0.0001999909,3.4194422,58.6037673578132,58.60376732851732,1183.875
0,0.3221443,0.0001999909,3.542076,11.241970942948353,11.241970929494308,421.5
0,0.33189476,0.0001999909,3.512677,8.876258158967609,8.8762582241449,324.1904761904762
0,0.3249966,0.0001999909,3.3809266,8.568372137397528,8.568372173382741,318.8
0,0.29875877,0.0001999909,3.3770068,20.260930202249437,20.260930169307223,584.95
0,0.27933478,0.0001999909,3.4204926,71.62592543940991,71.62592556949222,1491.1714285714286
0,0.30493054,0.0001999909,3.4355156,11.020603937841951,11.02060387907709,365.3
0,0.32291943,0.0001999909,3.5128977,8.683986648578536,8.683986655143412,334.6363636363636
0,0.30690843,0.0001999909,3.3548772,7.073389127035625,7.07338916857444,273.8125
0,0.32006916,0.0001999909,3.4461567,9.39871366262436,9.398713735300007,328.32
0,0.32193407,0.0001999909,3.4005957,69.16926273154586,69.16926289082066,1372.657894736842
0,0.34792173,0.0001999909,3.4325194,9.564219851340903,9.564219840234058,365.2631578947368
0,0.40352124,0.0001999909,3.2554939,12.005432866513729,12.005432884067694,458.2105263157895
0,0.34748915,0.0001999909,3.3012133,16.810814882426158,16.810814911343655,528.1304347826087
0,0.3238376,0.0001999909,3.3186624,18.976388599035207,18.976388459440148,487.8695652173913
0,0.32248315,0.0001999909,3.321089,50.61899904614048,50.61899903651577,1212.6904761904761
0,0.3134946,0.0001999909,3.4198298,9.73985554320881,9.739855516082676,366.11538461538464
0,0.3274925,0.0001999909,3.463596,8.043185918880948,8.043185976483278,305.0689655172414
0,0.3207776,0.0001999909,3.5158236,17.348755470166605,17.34875550917245,466.3333333333333
0,0.32028398,0.0001999909,3.4412415,11.19883577206305,11.198835700137048,407.57142857142856
0,0.31644532,0.0001999909,3.3776853,66.03815378569753,66.03815381435231,1362.3157894736842
0,0.34349892,0.0001999909,3.4044056,12.751011830237177,12.751011823362079,441.1666666666667
0,0.35079375,0.0001999909,3.3167236,14.465859281741793,14.465859341660126,432.2857142857143
0,0.2998188,0.0001999909,3.3338258,10.022448612252871,10.022448547328896,324.4
0,0.33683637,0.0001999909,3.2833197,18.77368850034216,18.773688470136765,482.69565217391306
0,0.31237483,0.0001999909,3.4049437,59.04246526756324,59.04246521086801,1432.95
0,0.34229532,0.0001999909,3.4794407,15.574886671806636,15.57488665085029,496.8421052631579
0,0.33542132,0.0001999909,3.3088088,9.353312975941943,9.353312936673355,345.15384615384613
0,0.38462785,0.0001999909,3.3069282,10.395391518870989,10.395391498142848,358.75
0,0.38437366,0.0001999909,3.2881427,7.989736638148315,7.9897366740553935,310.25
0,0.31214046,0.0001999909,3.3663273,67.96264542851254,67.96264540062603,1567.6052631578948
0,0.31072703,0.0001999909,3.3913116,9.869121570817448,9.869121623399254,315.6969696969697
0,0.30411917,0.0001999909,3.5272696,10.20302813844039,10.203028187097797,342.0769230769231
0,0.3061729,0.0001999909,3.505204,9.552520824074746,9.552520788749753,351.32
0,0.32426178,0.0001999909,3.458063,27.004206877537072,27.004206891349618,698.8
0,0.31862396,0.0001999909,3.384659,53.31742386038347,53.31742409200682,1067.9512195121952
0,0.34587586,0.0001999909,3.4861515,7.310064987262844,7.31006503170743,299.39285714285717
0,0.31825116,0.0001999909,3.4645033,13.347730838276188,13.347730777522225,407.0689655172414
0,0.29532447,0.0001999909,3.4160001,7.599603323116233,7.599603251137361,283.67857142857144
0,0.31039312,0.0001999909,3.4369845,11.943095530516334,11.943095514490096,392.35714285714283
0,0.30070955,0.0001999909,3.305995,62.78849187015723,62.78849186377626,1252.6153846153845
0,0.33564737,0.0001999909,3.3202405,6.1888446072737375,6.188844675413823,257.93333333333334
0,0.33499897,0.0001999909,3.4509645,19.908743620795363,19.908743705802728,562.0588235294117
0,0.3690276,0.0001999909,3.2640698,10.741626056730746,10.741626042292683,356.28
0,0.33449128,0.0001999909,3.3052406,10.393649458885193,10.393649495470031,341.72727272727275
0,0.31511155,0.0001999909,3.4263744,60.97607959202695,60.97607948124819,1424.0243902439024
0,0.32946432,0.0001999909,3.387834,7.6944669544182975,7.694466924489497,297.51724137931035
0,0.3338062,0.0001999909,3.3912144,12.057841064524837,12.057841034268767,420.3
0,0.33825922,0.0001999909,3.4059396,12.99139093903496,12.99139090589546,453.1764705882353
0,0.30095053,0.0001999909,3.4531405,12.574326926156095,12.574326899862697,402.0
0,0.2871711,0.0001999909,3.3988907,63.09917005646701,63.09917007889991,1375.658536585366
0,0.326933,0.0001999909,3.4576473,8.358954259642848,8.358954289374028,305.77777777777777
0,0.34157068,0.0001999909,3.454613,17.229370412505453,17.229370314211554,519.1428571428571
0,0.3155453,0.0001999909,3.2142053,7.915157426148653,7.915157412657936,294.55
0,0.33599448,0.0001999909,3.366322,9.444243620964698,9.4442435838655,350.9375
0,0.32712787,0.0001999909,3.3603206,63.41618947405368,63.41618943405515,1383.6046511627908
0,0.304017,0.0001999909,3.5436254,7.88664835304595,7.886648368767055,291.0
0,0.31939876,0.0001999909,3.510586,10.784065878639618,10.78406585397867,376.875
0,0.3442243,0.0001999909,3.4828115,14.762070163269527,14.762070122788629,508.875
0,0.33361876,0.0001999909,3.3368962,21.409361779101584,21.409361961183635,580.2631578947369
0,0.32221845,0.0001999909,3.3807197,59.39932335965426,59.39932350705518,1237.5365853658536
0,0.32143676,0.0001999909,3.4578469,9.702682627814598,9.70268273066377,359.0344827586207
0,0.31065896,0.0001999909,3.5588915,17.03553299583672,17.035532983284092,490.23809523809524
0,0.2922863,0.0001999909,3.462303,9.293285250377197,9.293285257321774,339.7307692307692
0,0.3173131,0.0001999909,3.420896,10.47974964637648,10.47974966809078,364.72727272727275
0,0.29577452,0.0001999909,3.424844,68.77135055051562,68.77135050445972,1381.7567567567567
0,0.31341368,0.0001999909,3.531958,8.97572185844183,8.975721835343522,313.9642857142857
0,0.3226567,0.0001999909,3.4021513,11.059436689252438,11.059436777610324,391.95652173913044
0,0.3263972,0.0001999909,3.4657013,9.091513447971506,9.091513399647532,337.8181818181818
0,0.29148582,0.0001999909,3.4640617,20.843693912677143,20.843693982257186,566.695652173913
0,0.34994477,0.0001999909,3.1563063,67.54141910350216,67.541419076983,1385.142857142857
0,0.32936737,0.0001999909,3.146542,9.897391674930558,9.897391802554814,332.4117647058824
0,0.3428153,0.0001999909,3.1116955,22.311477520748188,22.311477561451834,555.7368421052631
0,0.3507967,0.0001999909,3.1935198,18.437560661799377,18.43756079906709,565.2222222222222
0,0.35049766,0.0001999909,3.033794,11.337447724172048,11.337447696199108,380.85714285714283
0,0.30004176,0.0001999909,3.342206,57.675808328785934,57.675808244982456,1598.225
0,0.3309486,0.0001999909,3.4767492,11.85404492341555,11.854044908350069,370.0
0,0.3331158,0.0001999909,3.5640824,13.342485823552124,13.3424858541362,505.0625
0,0.30714265,0.0001999909,3.4086952,15.799775322127205,15.799775212766331,495.2631578947368
0,0.2951294,0.0001999909,3.4060545,28.182604451353352,28.182604377011526,723.0666666666667
0,0.33515975,0.0001999909,3.3619301,59.26468153219474,59.26468166217696,1314.7105263157894
0,0.33656168,0.0001999909,3.2758925,13.221803712013822,13.221803758394712,384.2307692307692
0,0.37815925,0.0001999909,3.372277,13.282008418813348,13.28200839330369,433.3333333333333
0,0.36299694,0.0001999909,3.3074076,13.020552004609877,13.020552048369913,456.5
0,0.3656752,0.0001999909,3.2209187,8.224147881216863,8.224147951492506,325.52941176470586
0,0.31538108,0.0001999909,3.2986817,55.84317723315122,55.843177346782475,1478.1860465116279
0,0.36216018,0.0001999909,3.533894,9.784946984758502,9.784946914988675,356.10526315789474
0,0.29557347,0.0001999909,3.3795795,8.533263851681518,8.533263799402482,310.7037037037037
0,0.32901898,0.0001999909,3.4202957,10.03714254614897,10.03714237529251,362.5833333333333
0,0.3302456,0.0001999909,3.3998756,17.259299341864377,17.259299225574193,481.54545454545456
0,0.35462594,0.0001999909,3.2159855,56.78229646908856,56.78229641582104,1219.7674418604652
0,0.33566007,0.0001999909,3.3803504,14.889795467426831,14.88979547342007,439.3181818181818
0,0.34161335,0.0001999909,3.2754939,12.761264588451013,12.761264569690752,407.9375
0,0.33879858,0.0001999909,3.3758574,11.871648798308646,11.87164885021707,443.0
0,0.341852,0.0001999909,3.2310371,13.789661516036306,13.78966156387157,428.0
0,0.3222577,0.0001999909,3.3715034,72.76919453556516,72.7691945417686,1758.5142857142857
0,0.32302776,0.0001999909,3.4607563,17.1907824548808,17.190782406457483,558.6363636363636
0,0.3110369,0.0001999909,3.407095,19.267336652614176,19.267336669234282,526.375
0,0.33793518,0.0001999909,3.3373277,30.801894523595507,30.801894411486884,712.8421052631579
0,0.3546423,0.0001999909,3.272787,8.832425434572192,8.832425463403874,346.46153846153845
0,0.3555096,0.0001999909,3.1304662,55.687852121203036,55.68785197488561,1405.4102564102564
0,0.3335215,0.0001999909,3.2715864,13.425873828253575,13.425873887180776,455.92857142857144
0,0.376572,0.0001999909,3.0864186,38.083436541507645,38.08343656267131,877.2
0,0.35700712,0.0001999909,3.1657202,9.006220154697075,9.0062201744995,338.85714285714283
0,0.3472709,0.0001999909,3.1479633,15.166256395892965,15.166256162405867,512.8888888888889
0,0.35938546,0.0001999909,3.3474996,57.01110359889248,57.011103535137714,1706.5
0,0.35849035,0.0001999909,3.2101173,7.8791225180876525,7.879122530334578,371.6818181818182
0,0.34130257,0.0001999909,3.4110126,8.888162352144718,8.888162377753092,339.70588235294116
0,0.3313539,0.0001999909,3.4233713,21.198957844383337,21.198957699942092,580.2727272727273
0,0.35479963,0.0001999909,3.464137,14.560019029653631,14.560018931412174,485.5
0,0.31811583,0.0001999909,3.4639242,65.93220756708511,65.93220760304467,1488.0
0,0.29667994,0.0001999909,3.3023367,12.665213386927332,12.665213451515488,389.92857142857144
0,0.3088863,0.0001999909,3.2656,12.64252862592156,12.642528673388151,384.88461538461536
0,0.33047318,0.0001999909,3.3500078,14.33868021890521,14.338680233953141,447.125
0,0.36270154,0.0001999909,3.236164,13.991398839486969,13.991398818033835,442.8888888888889
0,0.325282,0.0001999909,3.1714454,63.072082807697974,63.07208294622215,1476.5833333333333
0,0.33657193,0.0001999909,3.1563225,6.699312617026624,6.699312504032713,249.61904761904762
0,0.34469834,0.0001999909,3.186471,7.857808778683345,7.857808808713041,280.8333333333333
0,0.33777744,0.0001999909,3.1130738,14.69562891125679,14.695628938095947,416.0
0,0.33785644,0.0001999909,2.906359,9.483800255320967,9.483800406357613,445.5
0,0.2920152,0.0001999909,3.2880425,62.39641241449863,62.396412428087196,1671.8837209302326
0,0.31611767,0.0001999909,3.4462628,9.239396871555419,9.239396928055916,318.0
0,0.32795045,0.0001999909,3.3775194,12.937187625361341,12.93718756338704,399.92857142857144
0,0.3320644,0.0001999909,3.3649547,8.471020300916972,8.471020336781955,331.3333333333333
0,0.30645108,0.0001999909,3.3510911,18.036173336207867,18.036173255567352,508.90909090909093
0,0.31621426,0.0001999909,3.431517,61.858846141932865,61.85884597181763,1313.923076923077
0,0.3259208,0.0001999909,3.5479527,11.083732914328575,11.083732961584165,388.76
0,0.3040798,0.0001999909,3.4016714,12.162921834801292,12.162921818808783,393.86206896551727
0,0.3494883,0.0001999909,3.3924544,13.401350848546082,13.401350732321383,425.59090909090907
0,0.31506485,0.0001999909,3.3758242,9.109060054887896,9.109060006096747,334.9130434782609
0,0.29707298,0.0001999909,3.4057472,56.12477053954665,56.124770562704725,1195.8095238095239
0,0.2925589,0.0001999909,3.5248115,11.719939744634623,11.719939667937036,380.77777777777777
0,0.29859322,0.0001999909,3.4582775,11.249020460247994,11.249020409521718,357.7
0,0.3160982,0.0001999909,3.456505,18.416315314467422,18.416315345986714,506.5769230769231
0,0.30370066,0.0001999909,3.4284415,13.420077407034114,13.42007739768826,384.65625
0,0.3197436,0.0001999909,3.3588235,55.46022582376325,55.46022582629385,1122.3513513513512
0,0.3439395,0.0001999909,3.4666212,14.903044471791123,14.903044379993817,529.2941176470588
0,0.3171867,0.0001999909,3.392587,8.649076479077339,8.649076439742549,314.92
0,0.35193935,0.0001999909,3.4997509,18.09259225067217,18.092592142573995,517.5
0,0.2950413,0.0001999909,3.4998882,13.132196859541265,13.132196845744591,446.90909090909093
0,0.3037517,0.0001999909,3.4292226,69.61299375728575,69.61299351498567,1456.638888888889
0,0.32066345,0.0001999909,3.5650294,10.606257535219193,10.606257542429049,354.16
0,0.32233968,0.0001999909,3.4221919,9.084862656604786,9.084862656313598,348.4230769230769
0,0.3359776,0.0001999909,3.455939,8.354974840646205,8.354974865391895,349.30434782608694
0,0.3313714,0.0001999909,3.4624162,18.098191822664095,18.09819186953984,541.3846153846154
0,0.29240152,0.0001999909,3.272562,45.49333054530952,45.493330519832064,914.0370370370371
0,0.32793733,0.0001999909,3.4929771,10.821758194454015,10.821758184817828,400.0
0,0.32940733,0.0001999909,3.5082557,11.048877643717622,11.048877653570953,383.04545454545456
0,0.30315033,0.0001999909,3.5996127,27.884313702769578,27.88431363282448,732.75
0,0.3009874,0.0001999909,3.436081,8.481463984939559,8.481463999561473,309.7241379310345
0,0.2729426,0.0001999909,3.3364418,53.084925679200225,53.084925626225676,1055.2
0,0.33376408,0.0001999909,3.4422138,9.79340459468464,9.793404582561516,336.73333333333335
0,0.31708822,0.0001999909,3.4446924,8.477342315614223,8.477342365385484,324.2
0,0.32958788,0.0001999909,3.4917526,25.097344167968807,25.0973441683616,682.4705882352941
0,0.32626712,0.0001999909,3.3388224,21.043381111210454,21.043381131642374,560.5652173913044
0,0.33655915,0.0001999909,3.3683279,59.898285198439325,59.898285162993034,1250.4166666666667
0,0.3357732,0.0001999909,3.473241,16.677982287853958,16.67798233298205,569.3333333333334
0,0.31129315,0.0001999909,3.3441508,12.729980224414783,12.729980149169076,440.0
0,0.3429286,0.0001999909,3.2365458,15.109803443849087,15.109803524415765,425.12
0,0.34782928,0.0001999909,3.175041,9.449994332001856,9.449994293263709,332.3333333333333
0,0.30314958,0.0001999909,3.3718858,69.2957957772538,69.29579570194308,1557.6285714285714
0,0.3005406,0.0001999909,3.369325,12.11562682422144,12.115626729280718,427.2142857142857
0,0.32026193,0.0001999909,3.2366233,16.092872948592735,16.09287297503963,437.05555555555554
0,0.36377433,0.0001999909,3.365742,13.359343210002407,13.359343298071337,437.75
0,0.37845206,0.0001999909,3.3307054,9.886917447050413,9.886917469734438,374.73333333333335
0,0.3088018,0.0001999909,3.4223578,63.79051516179572,63.79051528806171,1511.2857142857142
0,0.32987556,0.0001999909,3.5309196,6.414297668884198,6.41429764036593,254.875
0,0.3431125,0.0001999909,3.3842854,11.107729460000991,11.107729450187035,407.16
0,0.31110987,0.0001999909,3.3699741,9.666213444688104,9.666213408598072,329.27272727272725
0,0.32613316,0.0001999909,3.2866533,11.737908278756281,11.73790828746785,409.5882352941176
0,0.2993333,0.0001999909,3.4524143,83.37379202919621,83.37379219946419,1745.032258064516
0,0.3233432,0.0001999909,3.5075364,14.027784567326307,14.02778453247122,467.14814814814815
0,0.31644323,0.0001999909,3.4370012,11.842950539663434,11.842950597613404,394.0833333333333
0,0.32396412,0.0001999909,3.4678307,19.376525778916072,19.37652590802179,565.0
0,0.3287113,0.0001999909,3.3345184,9.114050781561268,9.114050826576609,328.6666666666667
0,0.3198234,0.0001999909,3.3807578,61.988113215097634,61.988113333075596,1292.8974358974358
0,0.32240838,0.0001999909,3.4193597,6.786058805282077,6.786058835613539,276.741935483871
0,0.34629527,0.0001999909,3.4216394,10.905114910819314,10.905114856088941,395.95454545454544
0,0.34492669,0.0001999909,3.2862425,6.6723997609859165,6.6723998101791,278.3181818181818
0,0.33682048,0.0001999909,3.1782496,16.88689527061901,16.886895369439767,462.3333333333333
0,0.2930536,0.0001999909,3.389438,65.49827973789682,65.49827970222442,1458.578947368421
0,0.32303038,0.0001999909,3.4226325,15.90433647383291,15.904336474549044,497.61538461538464
0,0.32394606,0.0001999909,3.5258,15.778022097423673,15.77802213053821,461.95454545454544
0,0.3475349,0.0001999909,3.41781,8.768068827274773,8.76806889383445,331.22222222222223
0,0.37077704,0.0001999909,3.4003873,6.041575099229813,6.041575144285743,263.48
0,0.3059185,0.0001999909,3.4449246,70.40410891339621,70.40410898386732,1450.0588235294117
0,0.333276,0.0001999909,3.4649184,9.63737725019455,9.637377344319066,360.56
0,0.32396954,0.0001999909,3.3953934,16.042915505406103,16.042915544525002,481.2105263157895
0,0.32623652,0.0001999909,3.368018,15.86889707494308,15.868897054863604,476.1764705882353
0,0.3506343,0.0001999909,3.3984756,12.469846180453896,12.469846235648735,456.2
0,0.29412842,0.0001999909,3.3495283,62.12745468673252,62.12745472865514,1332.5714285714287
0,0.31519985,0.0001999909,3.405838,8.794898395958755,8.79489842326838,324.0
0,0.29457262,0.0001999909,3.508475,24.516173177354393,24.516173184204565,640.6666666666666
0,0.3339179,0.0001999909,3.4905918,17.094346303492785,17.09434622814095,568.5
0,0.33620414,0.0001999909,3.3960888,8.77898479765281,8.778984868082478,322.95652173913044
0,0.29976714,0.0001999909,3.3603008,58.80310267708264,58.80310262761045,1241.625
0,0.3088667,0.0001999909,3.4470143,10.688317178487777,10.688317202381986,365.72
0,0.33515283,0.0001999909,3.3920264,11.765436420666761,11.765436379029278,362.3448275862069
0,0.37785718,0.0001999909,3.5019612,15.210001571370023,15.210001535446995,488.35714285714283
0,0.323531,0.0001999909,3.3765001,23.7623005793675,23.762300513289407,633.8421052631579
0,0.28436548,0.0001999909,3.4404263,62.0003758530236,62.00037574397902,1366.9166666666667
0,0.2858421,0.0001999909,3.460347,16.97005929700875,16.97005935773217,506.7083333333333
0,0.31526586,0.0001999909,3.3541477,12.361818553710526,12.361818535612532,404.3181818181818
0,0.35633075,0.0001999909,3.4889498,13.906725980341434,13.906726069798538,414.8125
0,0.33101684,0.0001999909,3.224362,11.56763209665523,11.567632185933155,400.47058823529414
0,0.31500912,0.0001999909,3.2890384,59.0107229356654,59.01072299209203,1328.4634146341464
0,0.3308675,0.0001999909,3.3002763,8.770132339497406,8.770132318634948,296.6333333333333
0,0.33848915,0.0001999909,3.4617295,14.505659334287047,14.505659256049675,440.32
0,0.31118852,0.0001999909,3.3867285,14.334427195436815,14.334427386027956,469.70588235294116
0,0.3407418,0.0001999909,3.2651043,11.093808659407145,11.093808581799026,456.11764705882354
0,0.30096978,0.0001999909,3.4118338,64.06028336161174,64.06028342695497,1367.5897435897436
0,0.34740186,0.0001999909,3.4932663,12.813835688556233,12.813835714280296,425.2857142857143
0,0.3141367,0.0001999909,3.4392917,12.411627408260337,12.4116274187317,381.2692307692308
0,0.3189911,0.0001999909,3.4225261,15.343959558173083,15.34395955482168,486.375
0,0.3410936,0.0001999909,3.1954434,26.15544380982303,26.155443852054045,868.6111111111111
0,0.30873212,0.0001999909,3.3983855,59.87947003086293,59.87947013432045,1239.8684210526317
0,0.31577826,0.0001999909,3.4115322,11.391217887688141,11.391217898408286,361.65384615384613
0,0.32564795,0.0001999909,3.34627,10.833152924886061,10.83315304385122,388.23809523809524
0,0.3128758,0.0001999909,3.453015,20.72475402802229,20.724754203207127,588.2941176470588
0,0.30133593,0.0001999909,3.3772392,12.148303122197587,12.148303171034952,382.8
0,0.28863472,0.0001999909,3.3130465,50.56288753440806,50.56288775723435,1081.0652173913043
0,0.34620118,0.0001999909,3.465634,10.169686800837518,10.169686847706156,351.64
0,0.3306556,0.0001999909,3.462275,13.817224584519863,13.817224459209948,428.7916666666667
0,0.3390468,0.0001999909,3.533382,14.017526384786164,14.017526351153505,453.0
0,0.34640226,0.0001999909,3.5220551,12.916228498980079,12.916228472816506,560.9565217391304
0,0.2904848,0.0001999909,3.4227407,66.48400613179223,66.48400611836422,1287.638888888889
0,0.33573058,0.0001999909,3.4457092,13.436295540177856,13.436295565487908,436.3636363636364
0,0.3441956,0.0001999909,3.36856,8.578780283098636,8.578780383122174,299.4782608695652
0,0.3477829,0.0001999909,3.329398,29.364507403431666,29.364507402951922,757.1111111111111
0,0.3258117,0.0001999909,3.3657312,10.87936027730374,10.87936036814905,367.6842105263158
0,0.3488234,0.0001999909,3.43735,59.84586692587027,59.84586698114489,1439.361111111111
0,0.34158164,0.0001999909,3.495704,11.226035475164004,11.226035436255989,414.6521739130435
0,0.30632794,0.0001999909,3.5655115,18.06331905981319,18.063319060440435,513.5555555555555
0,0.34718248,0.0001999909,3.3886082,29.83530043438077,29.835300361336856,742.7368421052631
0,0.3879698,0.0001999909,3.317077,14.330661647254601,14.330661564653724,451.375
0,0.3270792,0.0001999909,3.3708456,62.75355691966765,62.75355690604175,1428.764705882353
0,0.3105523,0.0001999909,3.5436683,12.32755094104343,12.32755084520785,429.27777777777777
0,0.32307708,0.0001999909,3.3964913,19.549942420287564,19.549942443117903,542.8181818181819
0,0.36409542,0.0001999909,3.5079741,18.039469855278732,18.03946974800422,589.5333333333333
0,0.33557487,0.0001999909,3.4113915,9.30458511263132,9.304585123280367,346.25
0,0.31494224,0.0001999909,3.4797451,63.65087831609354,63.65087829998162,1442.5675675675675
0,0.32322717,0.0001999909,3.4183471,10.334315765299834,10.334315694900356,372.32142857142856
0,0.3216241,0.0001999909,3.4590123,17.72333464320553,17.72333471991217,498.2105263157895
0,0.31738186,0.0001999909,3.4628315,9.638876996934414,9.638877050856195,380.0
0,0.32680315,0.0001999909,3.3407829,21.21670104588636,21.21670102778419,563.2727272727273
0,0.31289053,0.0001999909,3.3360953,47.83684240524866,47.836842348616,1030.795918367347
0,0.31960836,0.0001999909,3.3250213,13.13429118119265,13.134291147828083,445.6818181818182
0,0.36624476,0.0001999909,3.380835,12.660390957601761,12.660390973484434,442.3157894736842
0,0.3701382,0.0001999909,3.3696551,11.414449105921545,11.414449094114866,394.57894736842104
0,0.35011,0.0001999909,3.1578274,8.093656648974866,8.09365671730502,354.55
0,0.31877398,0.0001999909,3.3697362,61.41180865519131,61.41180859885675,1397.871794871795
0,0.31717432,0.0001999909,3.3640058,8.908350825329157,8.908350837179427,341.2083333333333
0,0.3385691,0.0001999909,3.4358447,9.17855851319821,9.178558503300417,334.82608695652175
0,0.30604726,0.0001999909,3.5250373,24.81227014476762,24.812269997226235,666.1764705882352
0,0.3256247,0.0001999909,3.3138077,22.310475993156434,22.31047594836955,556.85
0,0.31923023,0.0001999909,3.2966964,53.07187698745146,53.07187707527856,1219.2439024390244
0,0.32107726,0.0001999909,3.4564855,11.660497331991792,11.660497327487725,419.8636363636364
0,0.32032657,0.0001999909,3.4421668,20.256876109374893,20.256876030318836,600.5
0,0.3387449,0.0001999909,3.496274,19.93526484268821,19.935264874104178,551.2777777777778
0,0.31673998,0.0001999909,3.3139906,9.93005805899357,9.930058030978875,353.82758620689657
0,0.30429563,0.0001999909,3.334237,42.87182333254639,42.87182343273002,961.8627450980392
0,0.31224507,0.0001999909,3.296473,6.266007639686851,6.2660075994346,262.6764705882353
0,0.32695082,0.0001999909,3.4837546,13.966832398598934,13.96683237456872,403.39130434782606
0,0.33739045,0.0001999909,3.3201268,8.960581955872476,8.960581942576392,352.15
0,0.3411963,0.0001999909,3.2941182,14.043579460587353,14.043579344356354,500.0833333333333
0,0.30192474,0.0001999909,3.4767563,77.47794783313293,77.47794776318341,1745.15625
0,0.2895778,0.0001999909,3.4608061,13.924441345760393,13.924441355021136,453.3333333333333
0,0.3134694,0.0001999909,3.5186274,8.043734164701569,8.043734183958334,312.9259259259259
0,0.3404328,0.0001999909,3.4612255,8.198254526406526,8.198254486899229,293.9
0,0.31998998,0.0001999909,3.4891076,16.226015289134992,16.22601526483623,474.96153846153845
0,0.2960022,0.0001999909,3.4468608,75.07273683730455,75.07273678411283,1461.0
0,0.31678262,0.0001999909,3.4290006,13.75126960096152,13.751269537355483,448.8695652173913
0,0.31995127,0.0001999909,3.3464,6.923762934075461,6.923762960412205,267.72222222222223
0,0.34930253,0.0001999909,3.4545715,12.645558024942876,12.645557988088807,403.6
0,0.37506437,0.0001999909,3.4273953,12.56440014680001,12.564400241868414,420.0
0,0.33354738,0.0001999909,3.3520548,60.6345187036121,60.6345186122392,1361.2619047619048
0,0.39501157,0.0001999909,3.3921025,6.995322094009868,6.995322107972085,311.51724137931035
0,0.346321,0.0001999909,3.3954313,6.158223594314065,6.158223635956363,317.0
0,0.314336,0.0001999909,3.2119315,7.331819366486299,7.331819328781291,292.8095238095238
0,0.31895092,0.0001999909,3.2669973,21.522526697980034,21.522526752010815,557.7777777777778
0,0.28151605,0.0001999909,3.3861408,67.96174996128927,67.96174994792875,1488.9722222222222
0,0.30840185,0.0001999909,3.398974,12.396673444658518,12.396673388996078,412.2916666666667
0,0.31107384,0.0001999909,3.447532,11.74296283242958,11.742962832530576,386.14285714285717
0,0.33541176,0.0001999909,3.3505087,10.183556218716232,10.183556247476231,379.6818181818182
0,0.35680535,0.0001999909,3.3062859,8.988660711795092,8.988660548421308,322.0625
0,0.32520306,0.0001999909,3.3506677,63.723160228738564,63.72316022068403,1433.875
0,0.3395968,0.0001999909,3.4837458,17.709703843383227,17.70970393936322,528.4117647058823
0,0.31025735,0.0001999909,3.3557537,9.351815448728976,9.351815476845601,323.44444444444446
0,0.3392649,0.0001999909,3.361147,7.3955541496853465,7.395554196899016,304.4782608695652
0,0.30258262,0.0001999909,3.3069992,7.127656416102711,7.127656387572772,275.67857142857144
0,0.33210942,0.0001999909,3.3657346,76.11002464540412,76.11002455979674,1631.4705882352941
0,0.32891488,0.0001999909,3.3615978,9.354099074235329,9.354099184501296,296.4230769230769
0,0.32648468,0.0001999909,3.4795449,12.402864874095508,12.40286477657269,429.42105263157896
0,0.34097198,0.0001999909,3.4495091,14.125696854126689,14.125696822639947,436.7368421052632
0,0.3370476,0.0001999909,3.3321414,12.62815858747648,12.628158571019748,397.7391304347826
0,0.31157508,0.0001999909,3.3309531,52.91244663291921,52.912446394054605,1262.3555555555556
0,0.33465296,0.0001999909,3.4731748,10.584822050903155,10.584822132888487,367.3478260869565
0,0.33543548,0.0001999909,3.5638745,24.780345752421354,24.780345674631235,661.6111111111111
0,0.3122436,0.0001999909,3.4392948,10.436704981424239,10.436705013387876,389.6521739130435
0,0.35199463,0.0001999909,3.4641924,7.287425263486803,7.287425231813249,298.24
0,0.30198693,0.0001999909,3.5267317,68.55067442514535,68.55067430257525,1442.0857142857142
0,0.32527366,0.0001999909,3.3171246,7.193997419873873,7.193997458428961,278.53333333333336
0,0.33648372,0.0001999909,3.4508188,10.532180509813454,10.532180535987447,372.17391304347825
0,0.34679064,0.0001999909,3.336827,8.029485678076744,8.029485758024748,304.08
0,0.32817057,0.0001999909,3.3772466,18.290031479586933,18.290031500275788,537.1818181818181
0,0.3450189,0.0001999909,3.3537774,56.18454638799779,56.18454621462179,1217.2045454545455
0,0.32722393,0.0001999909,3.380424,9.034125477623414,9.034125463102313,330.2352941176471
0,0.31259054,0.0001999909,3.298752,5.679114153218824,5.679114132801799,215.65116279069767
0,0.31526405,0.0001999909,3.4686127,11.966866088882089,11.966866088723219,388.16
0,0.347799,0.0001999909,3.443089,9.470140087551304,9.470140162050045,343.4642857142857
0,0.32968256,0.0001999909,3.3710551,70.55028989239979,70.55029005044432,1396.0294117647059
0,0.36068046,0.0001999909,3.4157715,16.41536906340884,16.415369085143553,498.27777777777777
0,0.34575862,0.0001999909,3.2409847,13.063079493031616,13.063079555817305,432.04761904761904
0,0.33398217,0.0001999909,3.1641157,12.014235787590344,12.014235785059157,412.2
0,0.35602742,0.0001999909,3.1187007,19.288891318087867,19.28889148010389,554.6428571428571
0,0.31198576,0.0001999909,3.3877976,66.24840327996229,66.24840301102229,1604.4
0,0.3160144,0.0001999909,3.5390913,12.63760234557447,12.637602309795078,425.85714285714283
0,0.31992397,0.0001999909,3.5411541,13.766295722489687,13.766295655496497,483.3157894736842
0,0.31638262,0.0001999909,3.2801745,7.796623421403078,7.79662342535429,290.7307692307692
0,0.34895328,0.0001999909,3.480469,14.212246385487644,14.212246398951761,462.09090909090907
0,0.30719972,0.0001999909,3.3503366,71.88302544921048,71.88302544088033,1542.9473684210527
0,0.2997044,0.0001999909,3.5318904,14.755843367225125,14.755843326797029,459.82608695652175
0,0.36290503,0.0001999909,3.38977,12.911795406387402,12.911795384262929,380.3076923076923
0,0.34460595,0.0001999909,3.2530258,6.992557415531741,6.992557383323679,275.1666666666667
0,0.35375655,0.0001999909,3.1932065,22.14486091863364,22.144860882329795,566.4375
0,0.3317164,0.0001999909,3.472497,68.63144138387658,68.63144152453239,1606.969696969697
0,0.3122965,0.0001999909,3.4985745,8.626044112948641,8.626044091397306,319.4193548387097
0,0.32355902,0.0001999909,3.4118714,8.373495828626412,8.373495810750228,319.10714285714283
0,0.32903448,0.0001999909,3.3815608,18.409280457883142,18.409280407914004,504.7
0,0.35199586,0.0001999909,3.372076,22.856598085870868,22.85659825661098,582.7368421052631
0,0.31219244,0.0001999909,3.4369285,69.31781621323898,69.31781643700069,1550.5
0,0.30927753,0.0001999909,3.3827243,10.75971140454595,10.759711418325073,349.7307692307692
0,0.32489836,0.0001999909,3.4992166,10.126964328477957,10.126964359983504,380.14285714285717
0,0.3432193,0.0001999909,3.2860475,8.447551453397388,8.447551444194513,310.0952380952381
0,0.34193474,0.0001999909,3.4323318,13.979340748628601,13.979340743360055,699.625
0,0.3188564,0.0001999909,3.294597,64.71681941520656,64.71681956105287,1338.0
0,0.30844274,0.0001999909,3.356344,7.042367599801057,7.042367601461861,279.0740740740741
0,0.32148033,0.0001999909,3.438052,19.616594555513824,19.616594563013464,559.5294117647059
0,0.30732328,0.0001999909,3.4520493,22.9890373941097,22.98903746859767,602.5555555555555
0,0.33574975,0.0001999909,3.2475977,13.44834688588977,13.44834697432092,391.4
0,0.304393,0.0001999909,3.4741054,66.24829826464482,66.24829829017791,1522.7272727272727
0,0.30225515,0.0001999909,3.5016358,13.728492689629396,13.728492705231304,425.7083333333333
0,0.30752495,0.0001999909,3.3810403,10.50144879579544,10.501448712386555,375.4
0,0.3253271,0.0001999909,3.3982599,10.159643923096796,10.15964394759762,419.1764705882353
0,0.32947204,0.0001999909,3.3409956,13.854837344090145,13.854837342073976,475.1333333333333
0,0.28783882,0.0001999909,3.2529259,70.73158610690184,70.73158627825391,1489.2702702702702
0,0.31789935,0.0001999909,3.4366155,9.719674817960838,9.719674817606437,349.7586206896552
0,0.34047222,0.0001999909,3.3055866,13.371017035990953,13.37101703722139,444.44
0,0.36319256,0.0001999909,3.3001597,7.7822906049589315,7.782290726610427,308.53333333333336
0,0.3353099,0.0001999909,3.3413382,9.17786162616685,9.177861553683215,330.73333333333335
0,0.31684634,0.0001999909,3.2805805,71.54838533346158,71.54838507285284,1678.5588235294117
0,0.32253477,0.0001999909,3.5123048,19.862197779557285,19.86219775671487,586.2352941176471
0,0.33984423,0.0001999909,3.2474108,7.19841813147068,7.198418183577724,279.85
0,0.32491675,0.0001999909,3.23234,17.514666463606634,17.51466654552797,501.0769230769231
0,0.3471504,0.0001999909,3.3997667,14.676556018802026,14.676556006793604,603.5833333333334
0,0.3197547,0.0001999909,3.3250635,74.87688954547048,74.87688938614328,1790.878787878788
0,0.3432732,0.0001999909,3.489315,15.27173445222988,15.271734544129773,497.8095238095238
0,0.35782263,0.0001999909,3.3131661,11.182826505308705,11.18282649082055,361.10714285714283
0,0.33394825,0.0001999909,3.3783152,14.190122141037136,14.190122103512948,504.5625
0,0.3258342,0.0001999909,3.4205573,8.32716050873632,8.32716060176873,316.7391304347826
0,0.309196,0.0001999909,3.3192675,56.84804403189231,56.84804407073559,1212.3181818181818
0,0.33145526,0.0001999909,3.425493,14.547434584703296,14.547434662126266,431.75
0,0.33701506,0.0001999909,3.3646088,7.1596284794655665,7.159628448945636,299.6666666666667
0,0.33204162,0.0001999909,3.3899899,14.183902515892816,14.183902548130497,441.52941176470586
0,0.32214406,0.0001999909,3.295164,16.39319979293006,16.393199902578846,459.0
0,0.31738275,0.0001999909,3.3215559,58.72440563619901,58.7244056169064,1330.820512820513
0,0.3083155,0.0001999909,3.399358,11.834090245856594,11.834090286022972,379.76666666666665
0,0.3161113,0.0001999909,3.29738,12.1138358921399,12.113835984595257,370.25925925925924
0,0.32048175,0.0001999909,3.4513757,9.242320581472345,9.242320569776243,366.1904761904762
0,0.3225584,0.0001999909,3.462464,13.089687150799566,13.089687098201264,453.22222222222223
0,0.32647583,0.0001999909,3.3101473,72.1592054999817,72.1592055386679,1488.4411764705883
0,0.32761046,0.0001999909,3.4630628,11.399967645248399,11.399967718098173,436.3
0,0.36152557,0.0001999909,3.548993,11.922464224568103,11.922464212570048,425.5625
0,0.35642532,0.0001999909,3.3741815,9.719445438612075,9.71944535253481,333.8095238095238
0,0.346795,0.0001999909,3.3351903,7.484724053262693,7.484723935969748,290.60869565217394
0,0.3357081,0.0001999909,3.2224605,82.78797406458762,82.78797396460935,1778.65625
0,0.3582912,0.0001999909,3.1677046,10.051391574799231,10.051391540739994,371.8421052631579
0,0.36877492,0.0001999909,3.200808,16.975727551561945,16.975727588410297,493.88235294117646
0,0.32809886,0.0001999909,3.1395197,11.455197290051728,11.455197218142075,397.3125
0,0.35705546,0.0001999909,3.220018,10.72670219804753,10.72670230970735,387.09090909090907
0,0.2869876,0.0001999909,3.4001544,67.40770356075814,67.40770353397616,1772.8918918918919
0,0.32726198,0.0001999909,3.3575523,7.36577064598479,7.365770668070853,258.3170731707317
0,0.32122183,0.0001999909,3.38326,12.782810154963624,12.782810139992403,374.75757575757575
0,0.31313437,0.0001999909,3.4499626,13.834467989833731,13.834467936563096,463.89473684210526
0,0.35450715,0.0001999909,3.4284875,7.5025515702242656,7.502551529539725,272.0416666666667
0,0.2854899,0.0001999909,3.3419013,57.5952299110414,57.59522995824517,1208.4761904761904
0,0.32191348,0.0001999909,3.546136,12.989207054285899,12.989207049885547,422.8695652173913
0,0.35154077,0.0001999909,3.4993103,11.069572686254979,11.069572659480945,382.2
0,0.32350114,0.0001999909,3.4169354,14.197847378218459,14.197847445722887,435.14285714285717
0,0.33579418,0.0001999909,3.45096,17.188770601695236,17.188770484046866,489.59090909090907
0,0.30360708,0.0001999909,3.356411,57.38120347307995,57.38120336718697,1254.2105263157894
0,0.32880855,0.0001999909,3.4419732,9.018675039087732,9.018675028690264,342.93333333333334
0,0.33334675,0.0001999909,3.2946537,9.015490658824211,9.015490661571992,341.1304347826087
0,0.30077064,0.0001999909,3.3879504,12.682620082389224,12.682620088402686,411.90909090909093
0,0.33716738,0.0001999909,3.5632086,9.868494299196062,9.868494297122007,340.9047619047619
0,0.30027053,0.0001999909,3.1612399,58.094835363918655,58.09483545344895,1142.7906976744187
0,0.32310364,0.0001999909,3.4586203,10.042003556399754,10.042003605011383,434.2631578947368
0,0.32531774,0.0001999909,3.490886,9.221900161551801,9.221900183342003,360.4736842105263
0,0.3186422,0.0001999909,3.312911,7.9728561107601434,7.9728560877655195,313.14285714285717
0,0.32029176,0.0001999909,3.3206472,16.12423634874048,16.124236317707915,453.14814814814815
0,0.30315992,0.0001999909,3.3260918,65.020088810373,65.02008866081111,1444.8918918918919
0,0.30277765,0.0001999909,3.3288558,14.841852030820316,14.841851947182443,432.037037037037
0,0.30495888,0.0001999909,3.26423,9.66578826473819,9.665788169512224,354.44444444444446
0,0.34039593,0.0001999909,3.330337,18.614027405099478,18.6140274185302,544.3125
0,0.3346751,0.0001999909,3.208084,12.710579112849452,12.710579130951963,391.8636363636364
0,0.32917184,0.0001999909,3.3886087,65.86627474320787,65.86627479986454,1528.5714285714287
0,0.35385886,0.0001999909,3.4015687,10.321644836872379,10.321644819909565,444.29411764705884
0,0.34415704,0.0001999909,3.137373,11.681341592309764,11.681341617454336,373.34375
0,0.35708496,0.0001999909,3.216806,16.669585656374693,16.669585561993987,469.22727272727275
0,0.3397971,0.0001999909,3.132372,5.443380762919269,5.4433807852760925,229.55172413793105
0,0.33716747,0.0001999909,3.2179222,55.15609553621079,55.15609565257502,1330.871794871795
0,0.38518792,0.0001999909,3.3247552,7.383904209868475,7.383904170130171,310.77272727272725
0,0.36967242,0.0001999909,3.280098,10.238295311729113,10.238295274686243,370.6666666666667
0,0.34432372,0.0001999909,3.1638582,11.13214852809906,11.132148589960634,336.84
0,0.36744538,0.0001999909,3.3124487,11.540313441554705,11.540313550896341,402.6
0,0.2982871,0.0001999909,3.1987712,60.74728601675873,60.74728611592269,1597.7105263157894
0,0.3154638,0.0001999909,3.3396575,15.937458583712578,15.937458457040824,458.53333333333336
0,0.30921623,0.0001999909,3.2303555,15.068614824460102,15.068614850778745,481.7692307692308
0,0.31609508,0.0001999909,3.355058,34.092912048101425,34.09291219829129,824.125
0,0.34280708,0.0001999909,3.3015609,13.324596958234906,13.324596842250717,466.2142857142857
0,0.3129719,0.0001999909,3.3712287,58.652783690756834,58.6527837403627,1483.7674418604652
0,0.3112202,0.0001999909,3.2699132,9.633364216045097,9.633364252951193,335.14814814814815
0,0.3243546,0.0001999909,3.3706763,10.836066021467559,10.836066001298974,380.5
0,0.3239743,0.0001999909,3.384735,23.63051886158064,23.630518801288417,652.5
0,0.31850058,0.0001999909,3.2882206,14.435462306417962,14.435462400815247,452.3529411764706
0,0.292213,0.0001999909,3.3343625,65.44096991616125,65.44096980391488,1506.4864864864865
0,0.32936883,0.0001999909,3.486773,9.779597285154619,9.77959729312519,362.3157894736842
0,0.3242832,0.0001999909,3.3368604,27.969668593296472,27.969668572300446,803.4166666666666
0,0.3421502,0.0001999909,3.3717153,17.58126659480234,17.58126681952787,496.46666666666664
0,0.35178742,0.0001999909,3.3517075,17.03655569655273,17.036555697525408,497.3529411764706
0,0.31697643,0.0001999909,3.3985772,57.08044883226976,57.08044898410221,1359.025
0,0.3094328,0.0001999909,3.3073173,9.985894879592317,9.985894956646035,342.75
0,0.29018015,0.0001999909,3.32988,13.19257535466126,13.192575266381548,451.42857142857144
0,0.3089859,0.0001999909,3.271869,20.073321670293808,20.07332164096089,513.2941176470588
0,0.38657004,0.0001999909,3.153949,22.555341110668248,22.55534118236374,569.1666666666666
0,0.30007812,0.0001999909,3.2029572,58.40410867411839,58.404108743063965,1441.3684210526317
0,0.30542895,0.0001999909,3.4246442,8.158923628238531,8.158923699310426,285.61538461538464
0,0.33259764,0.0001999909,3.340321,7.808748574497608,7.808748498459443,296.1923076923077
0,0.32625344,0.0001999909,3.429316,20.21982088040274,20.219820965143807,536.1923076923077
0,0.3350888,0.0001999909,3.305598,8.027664161710577,8.02766412072858,302.3636363636364
0,0.29084173,0.0001999909,3.3471725,57.35216674590483,57.35216692892116,1287.575
0,0.33094728,0.0001999909,3.4149175,13.501851103303057,13.501851033983257,438.5925925925926
0,0.3257847,0.0001999909,3.4103377,9.37448506599859,9.374485157200505,340.2608695652174
0,0.32103902,0.0001999909,3.467097,10.461339929337171,10.461339927994949,387.2631578947368
0,0.31465772,0.0001999909,3.4101398,11.189085153095862,11.189085089105099,403.6470588235294
0,0.30275446,0.0001999909,3.336187,64.63074240472633,64.63074240421768,1389.0
0,0.32524756,0.0001999909,3.5782902,11.033676815032958,11.033676810494118,414.3
0,0.31721145,0.0001999909,3.4962707,14.998323395103217,14.998323450068437,466.04
0,0.33595586,0.0001999909,3.4688027,9.884186576035889,9.884186545961876,352.27272727272725
0,0.3284834,0.0001999909,3.3455014,26.764356343578548,26.7643564888963,647.16
0,0.3036859,0.0001999909,3.3598998,55.18230388779193,55.1823039399231,1158.975
0,0.3367224,0.0001999909,3.3319938,5.406123087042943,5.406123126706856,229.8
0,0.33157948,0.0001999909,3.4152455,11.01537727912267,11.015377258136626,367.93333333333334
0,0.325222,0.0001999909,3.3523123,15.323303292989731,15.323303302076761,447.0
0,0.35387853,0.0001999909,3.4157002,11.50592003017664,11.505920014068257,400.29411764705884
0,0.287641,0.0001999909,3.4234974,66.65075099997614,66.65075121922557,1507.078947368421
0,0.31024557,0.0001999909,3.576223,13.98378588952538,13.983785924802937,472.8888888888889
0,0.32501134,0.0001999909,3.4575205,15.666920970194042,15.666920993872372,463.85
0,0.29627505,0.0001999909,3.3914437,9.943143756232327,9.943143761675653,347.1666666666667
0,0.31997892,0.0001999909,3.4239802,12.048729502492481,12.048729615346524,395.1111111111111
0,0.31932658,0.0001999909,3.3946307,66.94972033758098,66.94972015774418,1454.3589743589744
0,0.33090833,0.0001999909,3.3642688,12.49463678482506,12.494636705754079,424.6296296296296
0,0.32170033,0.0001999909,3.410326,10.867969237800155,10.867969278579597,391.95238095238096
0,0.32364613,0.0001999909,3.3539202,15.708277168550662,15.708277177035727,423.42857142857144
0,0.34795803,0.0001999909,3.1244078,5.627759906784471,5.6277599507414315,267.3448275862069
0,0.31648844,0.0001999909,3.3070023,64.30742855117258,64.30742832437761,1406.3142857142857
0,0.29361922,0.0001999909,3.3489127,9.497877953651672,9.497877961851676,365.5833333333333
0,0.3127098,0.0001999909,3.536544,16.982758507576015,16.98275850675795,507.42857142857144
0,0.33907452,0.0001999909,3.3945787,8.195133067667484,8.195133076803,309.96666666666664
0,0.32133624,0.0001999909,3.4971368,12.164582614100686,12.164582601924753,421.3157894736842
0,0.33922654,0.0001999909,3.3535109,71.35073616360832,71.35073607862208,1423.5555555555557
0,0.31214544,0.0001999909,3.3637452,9.475416754558683,9.475416730940925,483.8
0,0.31985945,0.0001999909,3.4477832,11.808937288820744,11.808937322247354,394.0
0,0.33511722,0.0001999909,3.4075675,11.224018904779639,11.224019004631156,397.0
0,0.30736628,0.0001999909,3.3137598,15.028888809095536,15.028888779469444,459.85714285714283
0,0.3036019,0.0001999909,3.3490126,59.02185192748549,59.0218518005975,1200.1190476190477
0,0.32993358,0.0001999909,3.5458877,9.783662165150695,9.783662119019798,360.8695652173913
0,0.33121678,0.0001999909,3.2872133,11.38872539855185,11.388725397430289,398.14285714285717
0,0.35040024,0.0001999909,3.2931156,13.782487753927708,13.782487711495342,441.04
0,0.35164353,0.0001999909,3.3118947,8.303234740595023,8.30323478083116,296.1333333333333
0,0.3584515,0.0001999909,3.4271455,67.54343074001372,67.54343071417378,1421.7222222222222
0,0.3309692,0.0001999909,3.4529474,15.363768894564021,15.363768907918855,487.27272727272725
0,0.34160993,0.0001999909,3.3703706,6.163748233077618,6.163748205860954,260.15384615384613
0,0.3366629,0.0001999909,3.5253868,18.642893942383427,18.642893757173525,573.1111111111111
0,0.3311218,0.0001999909,3.4777048,20.2688219262795,20.268821752760378,531.5
0,0.3376716,0.0001999909,3.4757307,63.79607952024256,63.79607952906725,1406.2571428571428
0,0.33986968,0.0001999909,3.4528046,12.624472609758378,12.624472656555344,429.16
0,0.3413253,0.0001999909,3.4034986,15.826451849937438,15.826451814598977,496.45
0,0.33095887,0.0001999909,3.322918,7.866385221813938,7.866385196423964,297.0
0,0.34168133,0.0001999909,3.4477968,16.164322565206223,16.164322579599357,501.1111111111111
0,0.30679193,0.0001999909,3.3249822,57.219405371565806,57.21940522714403,1236.5348837209303
0,0.30844483,0.0001999909,3.5128796,13.547936508979868,13.547936599320405,442.70588235294116
0,0.34271815,0.0001999909,3.3496277,7.675886281921218,7.6758862588421835,275.2916666666667
0,0.34502912,0.0001999909,3.2727072,11.689367110778887,11.689367067329991,335.5
0,0.33824703,0.0001999909,3.3978095,12.880072742700577,12.880072752816522,439.2
0,0.31942952,0.0001999909,3.4349246,63.76216932160682,63.7621692621262,1516.0
0,0.29342765,0.0001999909,3.5571406,12.974976258919291,12.974976320261465,439.4782608695652
0,0.34809306,0.0001999909,3.4315364,9.201240223663097,9.201240175415892,349.09090909090907
0,0.33008832,0.0001999909,3.5294673,13.438013659790158,13.438013647304185,490.8333333333333
0,0.32135984,0.0001999909,3.4780648,15.834033184250195,15.834033193807029,513.6666666666666
0,0.3204232,0.0001999909,3.274508,77.50922619452966,77.50922621749916,1534.857142857143
0,0.35055792,0.0001999909,3.30162,8.765412020087242,8.765412025158584,316.44
0,0.34646085,0.0001999909,3.3796413,9.817202764710313,9.817202717563449,352.1578947368421
0,0.32901168,0.0001999909,3.229246,12.119202496276962,12.119202555740786,352.3333333333333
0,0.3605573,0.0001999909,3.2559366,19.31837851471371,19.318378492352267,541.6666666666666
0,0.34701395,0.0001999909,3.3503518,82.29605875380578,82.29605850762147,2029.9354838709678
0,0.2961452,0.0001999909,3.2629447,7.830306258939562,7.830306277658348,288.57142857142856
0,0.3258236,0.0001999909,3.2291553,9.926333178083102,9.926333174137472,372.93333333333334
0,0.3197198,0.0001999909,3.2641985,9.724128848740033,9.72412888675821,343.14285714285717
0,0.3603056,0.0001999909,3.0490305,5.94905317761004,5.9490532291474665,244.9375
0,0.30606294,0.0001999909,3.2765224,93.6442488056998,93.64424900030163,2195.7419354838707
0,0.2974324,0.0001999909,3.3030756,6.231002881750465,6.231002832965226,243.05
0,0.32684842,0.0001999909,3.322921,13.825984646949697,13.825984714249685,448.29411764705884
0,0.32759148,0.0001999909,3.3660588,17.456803306611256,17.456803362376284,554.85
0,0.33135954,0.0001999909,3.3617055,25.718940262744823,25.718940402182646,678.8666666666667
0,0.33383036,0.0001999909,3.3199809,57.36948516367911,57.36948521875181,1437.3846153846155
0,0.34442693,0.0001999909,3.4017396,7.740940260915802,7.740940315940966,305.5769230769231
0,0.3240895,0.0001999909,3.4624615,20.147533715935424,20.147533599490362,557.2083333333334
0,0.32490087,0.0001999909,3.4542987,11.959897552927336,11.95989754555979,421.0952380952381
0,0.32501227,0.0001999909,3.2613926,13.060563110786935,13.060563011446408,397.5217391304348
0,0.31977576,0.0001999909,3.3409417,53.880098293648985,53.880098309722065,1195.1707317073171
0,0.3396889,0.0001999909,3.3276653,9.804124463592535,9.804124499849264,354.69565217391306
0,0.32874858,0.0001999909,3.4056764,8.778099539410324,8.778099522375124,318.0
0,0.31060082,0.0001999909,3.3675752,9.981938326440286,9.981938363962142,358.6875
0,0.34494537,0.0001999909,3.2028818,9.770349145951597,9.77034917010761,354.72727272727275
0,0.31000677,0.0001999909,3.3444002,66.11418854510633,66.11418845021973,1549.357142857143
0,0.33620042,0.0001999909,3.4077127,10.849886825791112,10.849886795536737,364.037037037037
0,0.32666692,0.0001999909,3.459885,6.414452890895547,6.414452817174547,275.80645161290323
0,0.33346558,0.0001999909,3.4071097,13.587128602268715,13.587128523504614,409.3225806451613
0,0.31327745,0.0001999909,3.475277,12.109539424594972,12.109539383959438,368.0967741935484
0,0.32512116,0.0001999909,3.387309,65.57299991121845,65.57299992972818,1295.5294117647059
0,0.33499697,0.0001999909,3.417359,9.84304705814079,9.84304706728298,365.22222222222223
0,0.31932262,0.0001999909,3.4544241,18.484375397796217,18.484375420906122,616.8260869565217
0,0.32978925,0.0001999909,3.4650817,8.235244731651619,8.235244761769906,290.34375
0,0.32436767,0.0001999909,3.5487888,14.095892584931693,14.095892663624909,486.2631578947368
0,0.33791667,0.0001999909,3.414373,61.819725902947155,61.81972593346256,1227.3157894736842
0,0.328412,0.0001999909,3.3795035,8.43294621987099,8.432946238274088,324.45454545454544
0,0.35287103,0.0001999909,3.2614512,12.033197177331084,12.03319721564272,402.82608695652175
0,0.32586437,0.0001999909,3.369581,19.836147306580095,19.83614737316343,529.2
0,0.354562,0.0001999909,3.2387815,14.791805267333984,14.791805340541414,427.72
0,0.300554,0.0001999909,3.4972684,61.11124389597348,61.111243890449444,1453.8
0,0.3323185,0.0001999909,3.2245553,6.624336009127243,6.624336037969575,266.875
0,0.35874727,0.0001999909,3.3306181,22.580083685616653,22.58008375615888,593.1666666666666
0,0.34536293,0.0001999909,3.2510111,22.44393477588892,22.44393470884563,559.75
0,0.3351507,0.0001999909,3.1408243,8.982928778976202,8.98292874699669,329.0
0,0.3213369,0.0001999909,3.3706975,62.756416959083964,62.756416887563844,1687.1891891891892
0,0.33061236,0.0001999909,3.4617243,12.65328505780134,12.65328506055064,400.48148148148147
0,0.32395032,0.0001999909,3.547764,8.881589139848948,8.881589210260644,336.24
0,0.3102962,0.0001999909,3.4459538,7.529990679940537,7.529990642464647,292.3235294117647
0,0.32553783,0.0001999909,3.3126523,9.666321148350836,9.66632111684853,338.05
0,0.3066145,0.0001999909,3.382132,72.3690097442695,72.36900980983188,1454.3428571428572
0,0.35139722,0.0001999909,3.436185,14.244733004768689,14.244732885697886,474.1333333333333
0,0.3191933,0.0001999909,3.4430385,23.24198838762407,23.241988230253664,662.6428571428571
0,0.37639007,0.0001999909,3.3604813,16.693219406100418,16.693219365147662,466.38461538461536
0,0.34875727,0.0001999909,3.1930976,12.869628910834972,12.86962895617944,416.6923076923077
0,0.34229568,0.0001999909,3.2616067,66.07926386312715,66.07926377328667,1584.2571428571428
0,0.33646607,0.0001999909,3.4987566,13.56377686943031,13.563776946155587,591.1111111111111
0,0.32705632,0.0001999909,3.4330409,14.791648114621639,14.79164806239065,445.28
0,0.31969503,0.0001999909,3.389909,7.391108908045751,7.39110897224183,296.0769230769231
0,0.33486438,0.0001999909,3.4867923,17.620188319164775,17.62018827892954,498.04347826086956
0,0.3302182,0.0001999909,3.3222039,59.03447550177001,59.0344754745139,1207.7692307692307
0,0.31649506,0.0001999909,3.186022,14.69535302030854,14.695352952859002,461.3
0,0.33498782,0.0001999909,3.3308065,8.324423750596386,8.324423783567303,332.8095238095238
0,0.34038922,0.0001999909,3.3140094,9.275522637724256,9.27552264179574,327.0833333333333
0,0.33001727,0.0001999909,3.2135632,6.250765090300278,6.250765058519309,263.3181818181818
0,0.32668066,0.0001999909,3.4444318,74.85410567479866,74.8541057929777,1747.5294117647059
0,0.3318707,0.0001999909,3.5371478,13.357877096575168,13.357877055122673,444.6111111111111
0,0.31029,0.0001999909,3.4073882,10.16316191231211,10.16316189986325,427.5416666666667
0,0.3467197,0.0001999909,3.3854253,24.009965934041563,24.009965942101832,605.0434782608696
0,0.3466304,0.0001999909,3.2458935,5.1170069476396876,5.117007023246421,216.89655172413794
0,0.3220783,0.0001999909,3.4154885,60.774385201230054,60.77438547420563,1334.2368421052631
0,0.326534,0.0001999909,3.4465446,9.992331094729403,9.99233118421671,343.8333333333333
0,0.344424,0.0001999909,3.4709983,9.627508699893951,9.627508658947908,350.8421052631579
0,0.3615152,0.0001999909,3.382255,9.486345413056286,9.486345366371427,331.90909090909093
0,0.3652674,0.0001999909,3.305045,16.98148834720875,16.98148826098141,472.375
0,0.35369527,0.0001999909,3.3460107,67.7509316318772,67.7509317241512,1543.4444444444443
0,0.34342262,0.0001999909,3.2764394,9.501965120296788,9.50196509891376,344.0
0,0.3248786,0.0001999909,3.4039593,12.196861493846644,12.196861497670872,378.0869565217391
0,0.3499865,0.0001999909,3.3400896,13.86163643407433,13.861636342191717,413.82608695652175
0,0.3501131,0.0001999909,3.2955873,16.59875581247939,16.598755936001275,484.3888888888889
0,0.34018904,0.0001999909,3.4030397,55.23167338204803,55.23167347332602,1302.325
0,0.32123694,0.0001999909,3.461495,7.781256083972179,7.781256147469391,289.5
0,0.30835858,0.0001999909,3.3875592,17.13104446653205,17.131044415510125,492.2692307692308
0,0.35578164,0.0001999909,3.3222737,13.230663102652345,13.230662999371166,504.7142857142857
0,0.3391856,0.0001999909,3.2782078,10.59487272403203,10.594872675115198,364.8125
0,0.32487264,0.0001999909,3.2618632,56.664853870803704,56.66485390714301,1253.6976744186047
0,0.319594,0.0001999909,3.2925162,12.823364320397378,12.823364292371934,387.4
0,0.32975513,0.0001999909,3.362219,10.514769711696049,10.514769708505113,369.5882352941176
0,0.35109842,0.0001999909,3.3517191,15.722604292360218,15.722604036635113,522.5454545454545
0,0.33541736,0.0001999909,3.2367504,16.777935057878494,16.77793496225131,566.7
0,0.3017094,0.0001999909,3.4050505,60.97965379666892,60.97965373104004,1517.952380952381
0,0.32501706,0.0001999909,3.4718814,11.241253944734732,11.241253978773935,395.375
0,0.33106697,0.0001999909,3.4902906,17.87110348135233,17.87110353259923,498.68
0,0.34971857,0.0001999909,3.4581795,9.521551532735085,9.521551517296507,344.37931034482756
0,0.33916733,0.0001999909,3.4874923,10.76357116414742,10.763571166145994,395.59090909090907
0,0.32559478,0.0001999909,3.443819,71.36581553146243,71.36581566807115,1419.7878787878788
0,0.33058172,0.0001999909,3.4732776,8.262157833469766,8.262157889076873,307.75
0,0.3378009,0.0001999909,3.3592556,15.628580043373136,15.628580030826477,456.0882352941176
0,0.3135078,0.0001999909,3.233485,6.7736400746065994,6.773640104161289,292.0689655172414
0,0.3448128,0.0001999909,3.3511705,6.826907813893976,6.8269078240477095,273.4074074074074
0,0.33119196,0.0001999909,3.3321018,57.77887112163894,57.778871131064534,1207.9761904761904
0,0.3172136,0.0001999909,3.4538321,10.11070314837763,10.110703155142765,368.0
0,0.3579842,0.0001999909,3.40612,6.163589011457178,6.163589005322567,245.19354838709677
0,0.33130693,0.0001999909,3.26414,12.739250366509493,12.739250270956584,388.25
0,0.3508791,0.0001999909,3.3422475,10.666034406849317,10.666034370739778,390.85714285714283
0,0.33457357,0.0001999909,3.428645,56.467908713119954,56.467908909507315,1236.090909090909
0,0.3142905,0.0001999909,3.4332614,10.548952151292369,10.548952191424732,361.69565217391306
0,0.33360374,0.0001999909,3.5266113,14.751966038097938,14.751965958839113,543.6
0,0.3130926,0.0001999909,3.3573637,14.331567937001477,14.331567891476183,414.7647058823529
0,0.35331708,0.0001999909,3.3564248,22.61311547872093,22.613115406920492,588.2777777777778
0,0.32281637,0.0001999909,3.4759047,61.10386501207378,61.10386482145835,1276.111111111111
0,0.3336661,0.0001999909,3.4155185,11.157274135925736,11.15727421137007,380.5
0,0.31320027,0.0001999909,3.5780206,11.63903862858812,11.63903866356577,413.5833333333333
0,0.35436994,0.0001999909,3.4514365,17.35405906168744,17.35405912297589,523.5
0,0.32626122,0.0001999909,3.4488223,10.205107427202165,10.205107389950626,405.9
0,0.31927228,0.0001999909,3.3094916,62.47242115347124,62.47242106418165,1262.560975609756
0,0.30861786,0.0001999909,3.4701042,9.86996902533186,9.869968990494689,356.9166666666667
0,0.31262437,0.0001999909,3.5494463,13.94478764012456,13.944787663727766,453.05263157894734
0,0.32015216,0.0001999909,3.3950992,8.771938509307802,8.771938488953241,321.0769230769231
0,0.34778622,0.0001999909,3.4737983,7.850574185661972,7.850574185150035,291.28
0,0.3147385,0.0001999909,3.2968225,55.61794846485524,55.617948223415716,1158.2291666666667
0,0.31292835,0.0001999909,3.3899832,13.649887590870177,13.649887726651576,430.8636363636364
0,0.3225249,0.0001999909,3.327983,16.061951979994774,16.061951937638145,469.3157894736842
0,0.34588745,0.0001999909,3.2516587,12.650305012861887,12.650305047269184,413.44444444444446
0,0.3731742,0.0001999909,3.3070056,16.08759617785524,16.087596240730274,500.92857142857144
0,0.324403,0.0001999909,3.3107889,67.45989474140559,67.45989487124095,1648.4545454545455
0,0.34119812,0.0001999909,3.409928,7.90132333189249,7.901323294821268,305.48
0,0.32805347,0.0001999909,3.4655488,24.408881530165672,24.40888151848812,624.3
0,0.3383349,0.0001999909,3.3965178,12.529421116691083,12.529421228877633,405.4166666666667
0,0.35158947,0.0001999909,3.445021,11.813340121414512,11.81334012427069,420.85
0,0.32879803,0.0001999909,3.2934005,62.20491924299262,62.204919252086896,1324.7692307692307
0,0.316949,0.0001999909,3.5089016,13.670903332531452,13.670903314400121,414.88
0,0.31770584,0.0001999909,3.4071271,7.040545424510693,7.040545470153559,266.58620689655174
0,0.31396106,0.0001999909,3.3976912,15.451639759470709,15.451639755027998,451.75
0,0.34709918,0.0001999909,3.313944,13.966419621681174,13.966419595970441,419.1666666666667
0,0.3175675,0.0001999909,3.3936539,67.46584712239829,67.4658473255728,1474.4848484848485
0,0.32442755,0.0001999909,3.3630428,7.601770127216648,7.601770165714275,305.63157894736844
0,0.3369741,0.0001999909,3.3574734,11.157858385067238,11.157858467183312,377.1578947368421
0,0.35009664,0.0001999909,3.3106744,13.54945279077555,13.549452846259415,468.3076923076923
0,0.343404,0.0001999909,3.2277572,7.291620077358352,7.291620105224057,293.6111111111111
0,0.30323273,0.0001999909,3.3590376,64.40142565336441,64.40142570922924,1596.9756097560976
0,0.31896663,0.0001999909,3.565838,16.087344757857778,16.087344690103194,504.3333333333333
0,0.33646637,0.0001999909,3.3293405,7.795920499265194,7.7959204559617685,323.12
0,0.30699193,0.0001999909,3.4221265,15.503132367291702,15.503132297053595,468.2692307692308
0,0.30477142,0.0001999909,3.4851933,9.489547773486091,9.489547772620426,334.57142857142856
0,0.34088266,0.0001999909,3.3713982,57.65887160475055,57.65887154471098,1190.9761904761904
0,0.31116334,0.0001999909,3.343704,7.97250203110955,7.972502071638811,284.7878787878788
0,0.3201372,0.0001999909,3.3537335,7.767688107879265,7.76768817044997,300.2173913043478
0,0.34879053,0.0001999909,3.3625178,25.223408608844405,25.223408691450842,677.7894736842105
0,0.33644348,0.0001999909,3.36752,11.750243748771027,11.750243766874902,428.6875
0,0.32072547,0.0001999909,3.3870094,70.46323671366554,70.46323657394814,1582.125
0,0.34468853,0.0001999909,3.4713016,12.040721458044242,12.040721438620743,440.5
0,0.29454497,0.0001999909,3.3407006,7.014085643996413,7.014085659213729,246.84615384615384
0,0.33152184,0.0001999909,3.40643,23.286804862320423,23.286804991212588,637.0
0,0.31805557,0.0001999909,3.3832169,11.099573721783235,11.099573729731446,406.3
0,0.32604757,0.0001999909,3.3119202,70.22025596153819,70.220256029135,1572.861111111111
0,0.33974794,0.0001999909,3.2637758,8.538453463626945,8.53845355781137,312.4782608695652
0,0.3370787,0.0001999909,3.2789164,9.120958284741002,9.120958303417865,336.64285714285717
0,0.36439294,0.0001999909,3.2125418,21.057393868399018,21.057393817331103,610.8823529411765
0,0.35054332,0.0001999909,3.2303426,18.852488241207443,18.852488063858562,503.4736842105263
0,0.3056114,0.0001999909,3.4085293,59.76990617944726,59.76990619802429,1577.4857142857143
0,0.30616626,0.0001999909,3.4145432,11.35284521389643,11.352845274228994,375.97058823529414
0,0.34392026,0.0001999909,3.4199886,9.828151397569025,9.828151360840307,343.39130434782606
0,0.3539721,0.0001999909,3.2886398,9.53780602273487,9.53780609004289,352.0952380952381
0,0.32223284,0.0001999909,3.2217557,7.082947203381495,7.082947232339972,283.22727272727275
0,0.30077398,0.0001999909,3.303434,57.71868830639869,57.71868827743547,1236.4545454545455
0,0.31939492,0.0001999909,3.608357,16.47841068605582,16.478410738431226,516.4
0,0.32637456,0.0001999909,3.394362,18.76128720354151,18.761287119677608,492.18518518518516
0,0.35008654,0.0001999909,3.358389,21.192995726130903,21.19299575015765,695.0
0,0.3428262,0.0001999909,3.465647,10.418336814801608,10.41833684646677,513.9285714285714
0,0.32916516,0.0001999909,3.3257046,55.50862580533139,55.50862571908908,1271.95
0,0.32454455,0.0001999909,3.2967298,7.642906700891833,7.642906724599103,281.2258064516129
0,0.33251342,0.0001999909,3.308437,12.882370155389337,12.882370139940587,377.45454545454544
0,0.33217078,0.0001999909,3.295851,8.491780289604018,8.49178024965886,319.5416666666667
0,0.33622953,0.0001999909,3.2965834,8.114823214916719,8.11482323345404,327.77777777777777
0,0.3127602,0.0001999909,3.3384955,65.15584866258388,65.15584865873615,1460.0
0,0.33691955,0.0001999909,3.482837,10.604603618764402,10.604603634749042,373.1818181818182
0,0.3549464,0.0001999909,3.3817298,11.965414820760488,11.965414908045641,368.8
0,0.37843898,0.0001999909,3.1977572,13.667360535512367,13.667360557348957,407.5833333333333
0,0.37147826,0.0001999909,3.3431642,10.59652232496362,10.59652231669545,343.36842105263156
0,0.3572304,0.0001999909,3.3201413,56.44370166938752,56.44370176700393,1363.675
0,0.36964777,0.0001999909,3.3828957,5.574996560298163,5.574996609167572,234.58620689655172
0,0.34282598,0.0001999909,3.4189143,8.256679592585122,8.256679559432019,322.1111111111111
0,0.3508144,0.0001999909,3.371332,10.614560659164967,10.614560708325074,361.82608695652175
0,0.34173408,0.0001999909,3.4070303,23.54693315353464,23.54693320164434,599.2352941176471
0,0.32621783,0.0001999909,3.3744278,63.80081123393029,63.800811031957366,1444.6052631578948
0,0.3034696,0.0001999909,3.4157007,12.600162577877443,12.600162517090393,402.26666666666665
0,0.3171523,0.0001999909,3.4275916,11.966017838153574,11.966017873188706,397.8333333333333
0,0.3026975,0.0001999909,3.2888048,14.36681815294119,14.366818186331084,391.6923076923077
0,0.33900282,0.0001999909,3.3896697,7.079808081899371,7.079808134734993,274.7142857142857
0,0.33784333,0.0001999909,3.3445234,57.972059224437025,57.97205945214153,1301.2380952380952
0,0.31039405,0.0001999909,3.5714695,9.876827569339763,9.876827519943761,364.6363636363636
0,0.32972577,0.0001999909,3.3881595,13.519874365651049,13.519874386517174,409.03125
0,0.31672865,0.0001999909,3.493701,9.85904433456776,9.85904442764687,388.69565217391306
0,0.27735174,0.0001999909,3.4615397,10.927294751560247,10.92729475537017,369.74074074074076
0,0.31814757,0.0001999909,3.4184058,63.41963961588121,63.4196395097694,1240.4473684210527
0,0.33201855,0.0001999909,3.487435,8.47945023198346,8.479450217869417,325.7142857142857
0,0.33235973,0.0001999909,3.47884,7.149218624217376,7.1492185964516,289.64516129032256
0,0.3324494,0.0001999909,3.478457,27.025998074222695,27.02599814959211,714.6363636363636
0,0.36828175,0.0001999909,3.245278,11.525926402496065,11.525926429714954,402.2352941176471
0,0.31533906,0.0001999909,3.2116158,51.99569349006078,51.99569344800803,1110.5348837209303
0,0.2834776,0.0001999909,3.427719,13.345658105231173,13.345658092165333,428.9130434782609
0,0.32990646,0.0001999909,3.5027952,10.42007768402497,10.420077737791871,357.14285714285717
0,0.3612974,0.0001999909,3.3194897,19.621011891044102,19.621011908420385,513.5769230769231
0,0.33112842,0.0001999909,3.4234753,26.10224509003915,26.102245067908058,740.421052631579
0,0.30248168,0.0001999909,3.3881352,65.77423007975543,65.77423025594616,1399.0967741935483
0,0.3298496,0.0001999909,3.547378,12.716745848567891,12.716745908381638,409.75
0,0.31036982,0.0001999909,3.504457,12.796004427752147,12.796004431820442,441.8888888888889
0,0.3026676,0.0001999909,3.5273118,25.961425992784402,25.961425925596455,666.3333333333334
0,0.30483204,0.0001999909,3.290604,14.957359458710398,14.957359595259204,409.0967741935484
0,0.3119748,0.0001999909,3.257507,59.61522351774491,59.61522357202049,1297.9166666666667
0,0.32827872,0.0001999909,3.3912709,12.79015974731495,12.790159798527213,410.4166666666667
0,0.33527538,0.0001999909,3.4321916,10.10657477279504,10.106574811513322,339.06666666666666
0,0.33400476,0.0001999909,3.3786554,11.309412658214569,11.309412604824676,385.1904761904762
0,0.35606793,0.0001999909,3.3059318,20.092806078055325,20.092805988737595,519.5882352941177
0,0.33786044,0.0001999909,3.2461698,67.82649338138563,67.8264933307757,1629.7058823529412
0,0.3247665,0.0001999909,3.4343514,12.512824819609524,12.512824876613632,398.0
0,0.33105698,0.0001999909,3.442962,13.240848468726172,13.240848459608435,456.88235294117646
0,0.33959168,0.0001999909,3.3365512,8.308889610171319,8.308889546870896,299.68
0,0.32757568,0.0001999909,3.1097543,5.738803116774017,5.738803046228937,239.0909090909091
0,0.30755305,0.0001999909,3.2220867,68.75273832476232,68.7527383699109,1549.275
0,0.33916566,0.0001999909,3.532194,12.419826809565226,12.41982674189882,406.93333333333334
0,0.3377566,0.0001999909,3.3931437,12.310450967135173,12.310450863312672,425.95238095238096
0,0.33788785,0.0001999909,3.3767896,15.846977440267802,15.846977448552547,522.2
0,0.36398467,0.0001999909,3.2461724,10.061357630209791,10.061357694955303,355.5
0,0.3013947,0.0001999909,3.3317323,67.21643267895438,67.21643285762174,1475.1315789473683
0,0.3084916,0.0001999909,3.5464952,11.59854041878134,11.598540399533098,395.625
0,0.32870588,0.0001999909,3.4909995,17.937707132405855,17.937707165323644,533.3636363636364
0,0.3240232,0.0001999909,3.5714278,13.667849598743487,13.667849489464516,453.25
0,0.32231835,0.0001999909,3.4138613,17.793011650121933,17.793011637770036,511.62068965517244
